{"cameraMode":{"drawMode":0,"name":"Shaded","section":"Shading Mode"},"sceneLighting":false,"audioPlay":false,"sceneViewState":{"m_AlwaysRefresh":false,"showFog":true,"showSkybox":false,"showFlares":true,"showImageEffects":true,"showParticleSystems":true,"showVisualEffectGraphs":true,"m_FxEnabled":true},"in2DMode":false,"pivot":{"x":-4.681280136108398,"y":2.1230037212371828,"z":-3.861114740371704},"rotation":{"x":0.19937749207019807,"y":0.09001263231039047,"z":-0.016078313812613488,"w":0.9759446382522583},"size":1.8886995315551758,"orthographic":false}