{"cameraMode":{"drawMode":0,"name":"Shaded","section":"Shading Mode"},"sceneLighting":false,"audioPlay":false,"sceneViewState":{"m_AlwaysRefresh":false,"showFog":true,"showSkybox":false,"showFlares":true,"showImageEffects":true,"showParticleSystems":true,"showVisualEffectGraphs":true,"m_FxEnabled":true},"in2DMode":false,"pivot":{"x":-8.720497131347657,"y":-2.5917789936065676,"z":-2.9802322387695315e-8},"rotation":{"x":-0.11974422633647919,"y":-0.0777624323964119,"z":0.008429019711911679,"w":-0.9898471832275391},"size":0.9333064556121826,"orthographic":false}