{"cameraMode":{"drawMode":0,"name":"Shaded","section":"Shading Mode"},"sceneLighting":true,"audioPlay":false,"sceneViewState":{"m_AlwaysRefresh":false,"showFog":true,"showSkybox":true,"showFlares":true,"showImageEffects":true,"showParticleSystems":true,"showVisualEffectGraphs":true,"m_FxEnabled":true},"in2DMode":false,"pivot":{"x":3.046818256378174,"y":3.3129866123199465,"z":-9.579777717590332},"rotation":{"x":-0.08564957976341248,"y":0.020080387592315675,"z":-0.004967107903212309,"w":-0.9964181780815125},"size":2.8659355640411379,"orthographic":false}