{"cameraMode":{"drawMode":0,"name":"Shaded","section":"Shading Mode"},"sceneLighting":true,"audioPlay":false,"sceneViewState":{"m_AlwaysRefresh":false,"showFog":true,"showSkybox":true,"showFlares":true,"showImageEffects":true,"showParticleSystems":true,"showVisualEffectGraphs":true,"m_FxEnabled":true},"in2DMode":false,"pivot":{"x":-2.1959781646728517,"y":1.7228312492370606,"z":-0.5089707374572754},"rotation":{"x":0.13133107125759126,"y":-0.17451275885105134,"z":0.023475972935557367,"w":0.9755913615226746},"size":2.7730093002319338,"orthographic":false}